{
  "train_loss": [
    0.20842936827319986,
    0.05469785807665903,
    0.02390211849467111,
    0.011151622089639811
  ],
  "val_loss": [
    0.0850345987531667,
    0.09141056003506916,
    0.092773340415714,
    0.09936998502200003
  ],
  "train_acc": [
    0.9210416666666666,
    0.9850416666666667,
    0.9941666666666666,
    0.9971666666666666
  ],
  "val_acc": [
    0.9741666666666666,
    0.9783333333333334,
    0.9816666666666667,
    0.983
  ]
}