{
  "accuracy": 0.983,
  "precision_phish": 0.9813953488372092,
  "recall_phish": 0.9846666666666667,
  "f1_phish": 0.9830282861896839,
  "precision_legit": 0.9846153846153847,
  "recall_legit": 0.9813333333333333,
  "f1_legit": 0.9829716193656094,
  "f1_weighted": 0.9829999527776466,
  "roc_auc": 0.9979747222222223
}